2004-01-02, 0, 0, 0, 0, 0, 0, 0, 0, 0, 0,  
2004-01-05, -0.124611, 1.173112, 0.219035, -0.444897, -0.223955, -0.260042, -0.852391, 0.175078, 0.962369, 0.225306,  
2004-01-06, 0.140277, 1.108159, -0.283166, 0.219397, -0.344095, -0.264553, -0.979289, -0.057749, 0.343034, 0.400778,  
2004-01-07, 1.082511, 0.743177, -0.541658, -0.396759, -0.323167, -0.876362, -0.927292, 0.437251, 1.563190, -0.017276,  
2004-01-08, 1.353935, 2.900411, 0.164571, -1.212656, 0.387134, -1.079786, -0.324016, 1.382279, 1.283259, 0.590118,  
2004-01-09, 1.969658, 2.096406, 0.220081, -1.818649, 0.691282, -1.024966, -0.256165, 2.153661, 1.821037, 0.860219,  
2004-01-12, 2.040381, 2.209745, 0.467494, -1.881681, 0.412546, -0.319665, -0.292427, 2.478938, 2.035538, 1.398721,  
2004-01-13, 2.872808, 1.944791, 0.488004, -1.813629, 0.831255, -0.113804, -0.009155, 2.300783, 1.789064, 1.717682,  
2004-01-14, 2.849092, 2.340390, -0.483018, -2.019430, 2.990375, -0.311496, -1.175818, 3.155429, 1.574757, 1.943234,  
2004-01-15, 3.355565, 2.212862, -0.331199, -1.701657, 3.324396, 0.112562, -0.141781, 3.703147, 1.696498, 2.148834,  
2004-01-16, 3.520144, 2.234328, -0.029228, -1.217594, 3.828895, 0.133000, -0.086441, 4.256828, 0.665042, 2.717795,  
2004-01-20, 3.577513, 2.379409, 0.654135, -1.413101, 3.882737, 0.307418, -0.150585, 4.221280, 1.156556, 4.199966,  
2004-01-21, 3.444945, 1.945335, 1.278559, -1.781155, 5.281199, 0.349906, -0.269157, 4.217269, 1.771081, 4.604316,  
2004-01-22, 3.228123, 1.998200, 1.241739, -1.547647, 5.522452, 0.839882, -0.201986, 5.439855, 1.736380, 5.385951,  
2004-01-23, 2.700554, 1.544414, 1.808952, -1.474410, 4.991129, 1.437331, -0.943366, 5.372163, 2.088994, 5.923454,  
2004-01-26, 3.023610, 1.896362, 2.233484, -0.771723, 5.053212, 1.256014, -0.865801, 5.432324, 2.695439, 6.751871,  
2004-01-27, 3.255729, 3.135406, 1.153867, -0.981486, 5.336954, 1.514045, -0.057083, 4.876097, 2.690795, 6.276936,  
2004-01-28, 2.742081, 2.842576, 1.421326, -1.108219, 4.690784, 2.704919, 0.194493, 4.482341, 2.744046, 7.523683,  
2004-01-29, 3.350799, 2.908889, 1.489636, -1.008463, 4.776406, 2.808521, -0.167191, 5.172592, 2.465364, 7.589289,  
2004-01-30, 3.781761, 3.220677, 1.809751, -0.658037, 5.012473, 2.988516, 0.076057, 5.497552, 1.998542, 7.291457,  
2004-02-02, 3.866639, 2.869530, 1.857845, -1.617985, 4.152266, 3.182129, 0.071531, 5.570494, 2.725998, 6.836557,  
2004-02-03, 3.551452, 2.341542, 1.053199, -1.855634, 4.769340, 3.042140, -0.439905, 5.649026, 2.751824, 6.092690,  
2004-02-04, 3.640381, 2.242076, 1.340373, -1.889098, 4.800407, 3.287115, -0.298619, 5.880274, 2.534612, 6.414124,  
2004-02-05, 3.370873, 2.320225, 0.969985, -1.580479, 5.485613, 3.451584, -0.088583, 6.161088, 2.668292, 6.977684,  
2004-02-06, 2.989045, 2.368560, 0.392437, -1.078507, 4.929105, 3.319178, 0.578088, 6.914912, 3.353358, 6.752453,  
2004-02-09, 3.281720, 2.887237, 0.648267, -0.828643, 5.484801, 3.656960, 1.029162, 7.184966, 3.059163, 6.915309,  
2004-02-10, 2.646737, 2.634164, 0.824480, -1.443014, 5.060098, 6.236086, 1.386802, 6.972829, 2.233422, 7.361134,  
2004-02-11, 2.297541, 3.436856, 0.791293, -1.698499, 3.950631, 6.340113, 2.395405, 5.887858, 1.968407, 7.474438,  
2004-02-12, 2.607477, 3.270369, 1.490629, -1.858210, 4.094398, 6.692606, 2.728171, 6.995805, 2.021952, 7.626956,  
2004-02-13, 2.262332, 3.427913, 1.922352, -2.587286, 3.925275, 8.977236, 2.907110, 7.562446, 1.814942, 7.109637,  
2004-02-17, 2.196680, 3.259872, 1.758302, -2.553301, 3.604490, 8.939499, 2.797427, 7.628074, 2.271564, 7.405638,  
2004-02-18, 2.784753, 3.394498, 1.469383, -2.426255, 3.391870, 9.753527, 4.003356, 7.883952, 2.605922, 8.171657,  
2004-02-19, 2.749159, 2.649195, 1.749797, -2.140462, 3.750221, 10.074994, 3.797516, 8.410714, 2.706394, 8.893446,  
2004-02-20, 2.281045, 3.378082, 2.290051, -2.339026, 3.885178, 10.126993, 3.274879, 8.188231, 2.371660, 9.035092,  
2004-02-23, 2.557299, 3.198364, 2.403605, -1.696954, 4.032602, 9.903537, 3.174505, 7.735648, 3.098576, 7.981479,  
2004-02-24, 2.182464, 3.267871, 2.462072, -1.481636, 3.308258, 9.936126, 3.890377, 7.805116, 3.361302, 8.516296,  
2004-02-25, 1.945156, 4.757979, 3.426152, -1.354340, 3.896772, 10.518338, 3.957365, 8.445517, 3.596760, 9.002972,  
2004-02-26, 2.489450, 4.115360, 3.003175, -1.525830, 3.397382, 11.065720, 6.183426, 8.505617, 4.177166, 9.035294,  
2004-02-27, 2.541658, 4.446884, 2.937047, -1.644403, 4.206043, 11.934354, 6.290537, 8.580873, 4.155528, 10.498184,  
2004-03-01, 2.727701, 4.785628, 3.100959, -2.053941, 4.340688, 12.243688, 5.263444, 9.134671, 4.443366, 11.285599,  
2004-03-02, 2.233931, 5.222573, 2.669658, -1.936550, 4.057675, 13.608554, 4.795131, 9.906016, 4.882986, 11.106478,  
2004-03-03, 2.504246, 4.111391, 2.303430, -1.999485, 4.389014, 13.685072, 4.257260, 9.456539, 5.119294, 12.457516,  
2004-03-04, 2.530015, 3.258565, 2.825211, -1.915322, 4.677497, 13.567271, 4.533770, 9.397230, 4.696062, 12.582357,  
2004-03-05, 1.869938, 3.206615, 3.557948, -1.864118, 5.388322, 13.216725, 4.013764, 9.548530, 5.214607, 13.760351,  
2004-03-08, 1.731730, 3.237217, 2.948696, -1.560901, 4.994875, 11.895747, 4.034998, 9.600280, 5.320740, 14.129301,  
2004-03-09, 2.126502, 3.401607, 2.478478, -1.789515, 5.779428, 11.241456, 4.112388, 9.354825, 5.213237, 13.832517,  
2004-03-10, 1.889140, 3.455587, 3.155491, -1.618445, 5.290916, 11.102837, 4.387669, 9.461906, 5.070492, 14.508723,  
2004-03-11, 2.405388, 3.639635, 3.342648, -1.411190, 5.284803, 10.796613, 4.693420, 9.782519, 5.927638, 15.167643,  
2004-03-12, 2.666348, 2.588471, 2.514636, -0.483553, 4.732895, 12.283135, 4.524910, 10.034087, 5.685222, 15.093731,  
2004-03-15, 2.859355, 3.273004, 3.316393, -0.601730, 5.479853, 11.942407, 4.578154, 10.256005, 5.748271, 15.460211,  
2004-03-16, 2.343923, 3.781565, 3.076452, -0.671395, 4.998074, 12.622455, 4.657700, 10.178730, 5.526620, 16.144282,  
2004-03-17, 3.020047, 3.411371, 2.834040, -1.077615, 4.945248, 12.584055, 5.173079, 9.945818, 5.663887, 15.908616,  
2004-03-18, 2.803148, 3.279015, 2.887366, -0.804239, 4.723400, 12.248926, 5.309886, 10.193533, 5.480196, 15.608152,  
2004-03-19, 2.417175, 2.751187, 3.165259, -1.625925, 4.434760, 12.684510, 5.390380, 10.080968, 5.501024, 14.891955,  
2004-03-22, 1.568804, 2.982691, 2.948055, -2.403050, 4.702353, 12.564405, 6.030625, 9.404183, 6.190811, 15.041745,  
2004-03-23, 1.517704, 2.740501, 3.249588, -1.710038, 5.220929, 12.252801, 5.743028, 9.706525, 6.277659, 14.560492,  
2004-03-24, 0.715745, 3.438172, 3.070094, -1.729223, 5.668520, 12.211992, 6.093542, 9.249723, 6.999351, 14.776526,  
2004-03-25, -0.109265, 4.282002, 3.798576, -2.244363, 4.906773, 11.636053, 5.855940, 9.479874, 7.340057, 14.633501,  
2004-03-26, 0.166786, 4.610032, 2.913806, -1.966561, 5.093403, 12.205434, 5.781749, 9.182921, 7.623873, 14.028732,  
2004-03-29, -0.290725, 4.949996, 3.467099, -1.719792, 4.663607, 12.183532, 5.928049, 8.857916, 7.939102, 13.562395,  
2004-03-30, -0.319327, 4.986611, 4.240237, -2.082816, 4.845918, 12.432292, 6.624473, 7.956194, 8.701997, 13.885117,  
2004-03-31, 0.425517, 5.673035, 3.715370, -2.764580, 4.925667, 13.175063, 6.794257, 8.295782, 8.772088, 12.952230,  
2004-04-01, 0.861993, 5.547547, 3.680007, -1.500868, 4.678907, 12.434552, 5.938589, 8.781469, 9.075547, 13.694835,  
2004-04-02, 0.897182, 5.526945, 3.658472, -1.856432, 4.905359, 12.957494, 5.174896, 10.108307, 9.156687, 13.718711,  
2004-04-05, 1.610306, 5.304769, 4.017747, -1.378885, 4.548141, 13.204738, 5.506634, 10.421213, 9.242160, 14.366530,  
2004-04-06, 1.640436, 5.407884, 3.747257, -1.228433, 5.077862, 12.110833, 5.081843, 10.901134, 9.317927, 15.236704,  
2004-04-07, 1.693496, 5.592430, 3.641360, -1.449502, 4.476817, 12.177126, 4.430857, 11.045392, 9.856256, 15.210138,  
2004-04-08, 4.223768, 4.831232, 4.345149, -1.424727, 3.829579, 13.545381, 4.210096, 10.913525, 10.048590, 15.098165,  
2004-04-12, 4.490820, 4.214489, 3.809587, -1.361165, 2.969509, 12.950171, 4.922437, 11.551757, 9.368115, 15.314543,  
2004-04-13, 4.820401, 4.003030, 2.959234, -1.996191, 2.532933, 12.528493, 4.565500, 12.325754, 8.513575, 15.056291,  
2004-04-14, 3.757261, 3.716375, 2.433040, -1.263877, 2.895896, 12.566253, 5.968421, 12.848189, 8.474125, 14.850631,  
2004-04-15, 4.203257, 3.769207, 3.288791, -0.664057, 3.103417, 12.154836, 5.641330, 13.239315, 7.802123, 15.460446,  
2004-04-16, 4.035536, 5.166141, 2.544250, -0.386924, 3.123775, 12.300725, 5.367481, 13.202042, 7.609430, 15.033962,  
2004-04-19, 3.815611, 4.395484, 2.524234, -0.725799, 3.364337, 13.098144, 5.108307, 13.492100, 7.499505, 14.793916,  
2004-04-20, 3.564836, 4.365537, 2.716974, -0.539169, 2.158313, 13.706191, 5.000937, 13.254218, 7.761433, 15.045355,  
2004-04-21, 4.779768, 4.123159, 2.944742, -0.863325, 1.171151, 14.633785, 4.516020, 12.686697, 7.196543, 15.012353,  
2004-04-22, 5.035070, 4.404390, 3.203874, -0.215149, 0.419570, 14.607359, 5.077927, 12.232997, 8.504048, 15.070939,  
2004-04-23, 5.780898, 4.459214, 2.856723, -0.741581, 0.133726, 14.138655, 5.824060, 12.226481, 8.468334, 15.333071,  
2004-04-26, 5.918810, 4.531439, 2.933236, -0.876247, 0.321972, 13.940231, 4.988083, 12.221406, 8.633808, 15.413063,  
2004-04-27, 7.206766, 4.751650, 3.017420, -0.809485, 0.218018, 14.745541, 4.775054, 13.732122, 7.923011, 15.594364,  
2004-04-28, 7.554461, 5.018589, 4.095333, -0.594905, -0.108605, 14.265527, 4.644493, 13.028870, 8.189440, 15.554951,  
2004-04-29, 7.896935, 5.259240, 3.233061, -0.804193, -0.840609, 14.024952, 5.080849, 14.545341, 8.221521, 15.512940,  
2004-04-30, 7.398644, 6.022368, 3.676804, -0.572794, -0.620729, 13.134026, 5.135705, 14.131853, 7.441370, 16.160108,  
2004-05-03, 8.295879, 5.466593, 3.731246, -0.806623, -0.747924, 13.409683, 5.322742, 14.199341, 7.435132, 16.948907,  
2004-05-04, 8.899078, 4.814451, 4.322169, -0.202612, -0.485493, 12.259426, 5.367354, 13.846844, 7.297627, 17.492845,  
2004-05-05, 8.655193, 5.063640, 4.557213, -0.150861, -0.160149, 11.359970, 5.146502, 13.933439, 7.552719, 17.109921,  
2004-05-06, 8.848491, 5.098894, 4.899043, 0.382243, 0.107937, 12.000772, 5.598469, 16.373119, 7.548580, 16.862357,  
2004-05-07, 8.621352, 5.377637, 5.754790, 0.347482, 0.818779, 12.812775, 5.620645, 16.666052, 7.787061, 17.359469,  
2004-05-10, 8.432519, 6.128562, 6.038759, 1.074999, 0.607461, 13.595521, 6.908929, 16.789175, 7.809697, 17.446771,  
2004-05-11, 10.754407, 6.475529, 6.499633, 0.812161, 0.159862, 13.571927, 6.840317, 17.041826, 7.019669, 16.206498,  
2004-05-12, 11.146473, 6.787395, 5.708468, 0.991506, 0.736214, 12.631157, 6.914188, 16.604874, 6.525429, 15.853864,  
2004-05-13, 11.231014, 7.165418, 5.318006, 2.176250, 0.397364, 12.396124, 7.151263, 17.396693, 6.758757, 14.948648,  
2004-05-14, 11.207911, 7.161294, 5.830463, 2.232875, 0.444790, 12.900201, 7.040233, 17.321350, 6.440968, 14.665907,  
2004-05-17, 11.488809, 6.969746, 6.181267, 3.010728, 0.683590, 13.184392, 6.814870, 17.892212, 6.061287, 14.781575,  
2004-05-18, 11.226614, 7.540867, 6.254911, 2.579805, 1.630937, 14.368685, 6.556851, 17.953347, 6.003818, 15.071499,  
2004-05-19, 11.860236, 7.143637, 7.635844, 3.011581, 2.349247, 15.065102, 6.819908, 16.813556, 6.700741, 15.254733,  
2004-05-20, 11.660288, 7.740418, 8.181210, 3.240002, 2.146680, 14.878154, 6.438875, 17.612050, 7.145671, 15.455492,  
2004-05-21, 12.435038, 8.193916, 8.254851, 3.818410, 2.180956, 14.167816, 6.474592, 17.635273, 7.601450, 15.298851,  
2004-05-24, 13.290516, 8.471142, 8.828159, 4.157825, 2.216605, 13.912132, 6.081300, 17.097974, 9.045103, 15.062232,  
2004-05-25, 13.031250, 9.296460, 8.598103, 3.716211, 3.286139, 13.077384, 5.525217, 17.318112, 9.431119, 15.221367,  
2004-05-26, 12.560604, 9.012243, 8.137662, 3.737384, 3.558073, 13.315599, 5.575066, 17.359042, 9.963589, 15.788766,  
2004-05-27, 12.554069, 8.953175, 8.007454, 2.926839, 3.629898, 13.078087, 6.135631, 16.513078, 10.320951, 15.817875,  
2004-05-28, 12.577706, 8.709169, 8.293910, 1.882905, 3.696719, 12.622812, 5.789721, 15.602711, 10.668921, 15.538108,  
2004-06-01, 12.636084, 8.598121, 9.610747, 2.450384, 3.991404, 12.646463, 6.008200, 15.908374, 10.730252, 15.498099,  
2004-06-02, 12.519371, 8.933665, 9.753327, 2.480763, 3.885176, 12.388671, 6.545319, 16.531530, 10.768884, 18.371848,  
2004-06-03, 13.283447, 9.579067, 9.909078, 1.957014, 4.568169, 12.427881, 6.712690, 16.580890, 10.511435, 18.312293,  
2004-06-04, 13.883387, 10.246318, 9.496426, 2.034945, 4.678525, 12.056009, 7.052484, 16.314094, 10.825486, 17.445301,  
2004-06-07, 13.698359, 10.210030, 9.458509, 1.670981, 4.642276, 11.792480, 6.563522, 16.691326, 10.053846, 17.534634,  
2004-06-08, 13.192519, 10.683763, 9.345088, 1.289258, 5.333583, 12.078926, 6.816869, 16.657852, 10.226728, 18.369218,  
2004-06-09, 13.881773, 10.957008, 8.846922, 1.548792, 4.809599, 12.142917, 6.513587, 16.633622, 10.840682, 19.143140,  
2004-06-10, 13.949113, 10.688983, 8.440564, 2.219663, 5.685204, 12.395582, 6.028322, 15.947443, 10.908311, 19.456824,  
2004-06-14, 14.198528, 10.648742, 8.435660, 2.006356, 5.942712, 12.323424, 5.264034, 16.149408, 10.601292, 18.724038,  
2004-06-15, 14.266655, 10.282755, 8.770702, 2.612311, 6.134926, 13.057817, 6.681091, 16.648670, 10.859296, 18.517642,  
2004-06-16, 13.558769, 10.211977, 8.921135, 2.607670, 6.376701, 13.458037, 6.961964, 17.035334, 10.145596, 18.799409,  
2004-06-17, 13.581192, 10.525092, 9.755414, 2.262524, 6.346186, 14.321299, 6.993680, 17.804783, 10.107454, 18.901434,  
2004-06-18, 14.391256, 11.088806, 10.143944, 2.780665, 6.324097, 13.932388, 6.335876, 18.502745, 10.860107, 18.951798,  
2004-06-21, 13.056573, 11.242446, 10.656231, 2.027489, 6.384802, 13.350113, 5.891042, 18.194588, 9.941800, 20.553118,  
2004-06-22, 13.133533, 11.759843, 9.975909, 2.107380, 9.031800, 13.442817, 5.209327, 17.587942, 9.571984, 19.937007,  
2004-06-23, 13.096294, 12.303644, 10.148669, 2.086172, 10.494643, 14.017605, 4.779058, 18.246736, 10.239193, 19.668566,  
2004-06-24, 13.215650, 11.992762, 10.195326, 2.626812, 11.231932, 13.708344, 5.464125, 19.104022, 9.841249, 18.984062,  
2004-06-25, 13.697250, 11.857911, 10.016290, 2.897010, 11.730787, 14.778242, 5.567396, 19.349998, 9.917195, 18.645373,  
2004-06-28, 13.956252, 12.083507, 9.956678, 2.981165, 11.792707, 14.172710, 5.852527, 19.431241, 10.700469, 18.707311,  
2004-06-29, 13.617038, 12.861193, 9.731022, 3.024785, 13.104161, 14.195254, 6.367584, 18.837128, 10.893295, 18.747144,  
2004-06-30, 13.670710, 12.525239, 9.274118, 3.045128, 12.408789, 14.322023, 6.997783, 19.257807, 11.116946, 19.158716,  
2004-07-01, 14.064687, 12.183777, 9.622068, 3.039145, 13.013130, 15.422223, 6.372133, 18.427455, 10.652111, 19.238972,  
2004-07-02, 13.638849, 11.864445, 9.352429, 3.649624, 13.082084, 15.627560, 6.657760, 18.812323, 10.581073, 18.758892,  
2004-07-06, 13.405636, 12.603466, 9.981678, 3.698587, 12.941171, 15.702117, 5.531422, 19.534105, 11.095394, 18.483087,  
2004-07-07, 13.126691, 12.917613, 10.219603, 3.092228, 13.262040, 15.564719, 6.339737, 19.867589, 11.411018, 18.785018,  
2004-07-08, 12.557079, 12.939909, 9.885137, 3.365648, 13.224759, 15.625049, 6.661920, 19.807282, 12.910825, 18.861610,  
2004-07-09, 12.251780, 12.478025, 10.112073, 3.638956, 13.338973, 15.704994, 6.344419, 19.847484, 13.090619, 18.437625,  
2004-07-12, 13.332057, 13.082738, 10.244047, 3.533087, 13.973961, 16.062496, 5.833265, 19.515719, 12.126644, 18.726204,  
2004-07-13, 12.669368, 12.714186, 10.738471, 3.427408, 13.586232, 16.464763, 5.812607, 18.941255, 11.562068, 18.585216,  
2004-07-14, 12.779694, 12.477935, 10.931363, 4.236304, 13.645528, 15.885406, 5.563761, 18.412090, 10.991907, 17.963587,  
2004-07-15, 13.063582, 13.939745, 10.996958, 4.501929, 12.901939, 16.389076, 5.510651, 18.219704, 11.328185, 18.925912,  
2004-07-16, 13.260524, 14.791138, 12.486168, 4.471952, 13.760969, 16.118564, 5.488736, 18.387471, 10.691388, 19.240362,  
2004-07-19, 12.519454, 14.859015, 12.840006, 4.237982, 13.909286, 16.495163, 5.317347, 18.707228, 10.786449, 18.697115,  
2004-07-20, 11.560348, 14.328571, 12.603491, 4.475436, 14.388750, 16.432040, 5.381606, 17.943004, 11.028942, 18.087890,  
2004-07-21, 11.635486, 13.223807, 13.339715, 4.658350, 13.970671, 16.917549, 5.896150, 17.637265, 11.396977, 18.169538,  
2004-07-22, 12.380388, 13.197705, 13.425925, 4.180323, 14.796957, 17.101214, 6.057700, 17.207314, 11.472807, 17.577386,  
2004-07-23, 11.556865, 12.457046, 13.118269, 4.390435, 15.409868, 16.514415, 7.436070, 16.789229, 10.592206, 17.494979,  
2004-07-26, 11.620557, 11.556007, 12.749602, 4.093288, 14.485170, 15.828938, 7.473552, 17.143071, 11.072871, 17.099756,  
2004-07-27, 11.868069, 11.758405, 12.896599, 4.256807, 15.195397, 15.951177, 7.770559, 16.898623, 11.902840, 17.399801,  
2004-07-28, 13.374028, 10.980269, 13.010482, 4.320419, 16.341369, 15.515840, 7.832089, 16.576425, 12.495468, 17.081367,  
2004-07-29, 12.725529, 11.220353, 14.098061, 4.555459, 16.055203, 15.768860, 7.469370, 16.665531, 12.614190, 16.644266,  
2004-07-30, 12.784723, 11.536420, 15.489746, 4.072599, 15.754358, 15.374650, 6.930837, 16.638636, 13.734484, 16.855896,  
2004-08-02, 12.675107, 11.906137, 15.771143, 5.107921, 16.457564, 15.370209, 6.147248, 16.364330, 13.881440, 17.358195,  
2004-08-03, 12.203755, 11.684656, 16.100052, 5.253288, 16.270119, 16.158837, 6.116799, 19.259631, 13.929678, 17.931217,  
2004-08-04, 13.319966, 11.731963, 17.462036, 6.772045, 16.247424, 16.730853, 6.243984, 20.192349, 16.764402, 17.488445,  
2004-08-05, 12.530957, 12.807238, 17.099468, 6.454217, 16.788099, 17.056515, 5.847343, 20.698260, 15.636100, 17.578248,  
2004-08-06, 12.397325, 12.768174, 17.188973, 6.165471, 16.663621, 17.126348, 5.841197, 19.813784, 16.301508, 17.639990,  
2004-08-09, 12.086184, 13.467749, 16.273325, 6.283327, 16.687437, 17.338852, 5.713754, 19.876332, 16.356448, 16.791943,  
2004-08-10, 12.398888, 14.269720, 16.364371, 6.568715, 18.110706, 17.076226, 5.740330, 19.468523, 16.281772, 17.617409,  
2004-08-11, 12.544119, 12.936455, 16.388808, 6.350012, 18.408013, 17.445503, 6.106821, 19.061714, 15.566864, 17.641420,  
2004-08-12, 12.787587, 12.374650, 16.355420, 6.372346, 18.738354, 19.140188, 5.708444, 18.282687, 15.605643, 17.618457,  
2004-08-13, 12.439447, 13.882344, 16.328597, 6.510713, 19.323073, 19.380471, 6.462359, 18.362353, 15.765530, 17.688625,  
2004-08-16, 12.599011, 13.947364, 16.593594, 6.121428, 18.823910, 20.165339, 6.549430, 17.757438, 15.577444, 17.096044,  
2004-08-17, 13.339294, 14.234191, 16.272236, 5.356416, 19.139053, 20.879164, 7.210426, 18.718081, 15.391416, 17.057501,  
2004-08-18, 13.486723, 14.257511, 16.064402, 5.064766, 18.872398, 21.050705, 8.757424, 19.011160, 14.864366, 16.932735,  
2004-08-19, 14.160875, 13.682206, 16.684081, 4.559762, 18.922750, 20.973016, 8.563023, 19.143277, 15.127579, 18.032972,  
2004-08-20, 14.774636, 13.417986, 17.377226, 3.721999, 18.585096, 20.629541, 8.415734, 18.188665, 15.432919, 17.755387,  
2004-08-23, 14.890413, 13.338495, 17.624499, 4.124494, 18.667087, 20.568851, 8.378190, 19.071807, 15.374844, 17.851693,  
2004-08-24, 13.780220, 13.435830, 17.464916, 4.439965, 19.060442, 20.018154, 7.982080, 18.631983, 14.885671, 17.526868,  
2004-08-25, 13.958956, 13.049564, 16.696336, 4.405588, 18.449352, 20.048326, 8.332290, 18.232936, 14.973484, 17.520045,  
2004-08-26, 14.488988, 12.627515, 16.771582, 5.811089, 19.053483, 20.364393, 8.473528, 17.841863, 15.771222, 16.148856,  
2004-08-27, 15.046069, 13.367985, 16.794640, 5.979577, 19.314252, 20.456393, 8.934956, 16.597418, 16.536052, 16.533863,  
2004-08-30, 15.798263, 13.514468, 17.173431, 6.589418, 19.063047, 20.416745, 9.674692, 16.715034, 16.265409, 16.303223,  
2004-08-31, 15.332036, 13.260402, 17.254446, 6.809548, 19.356978, 19.860634, 8.996529, 16.565651, 16.022793, 16.326188,  
2004-09-01, 15.411778, 12.322212, 17.172266, 7.383786, 19.215241, 20.375849, 9.061553, 17.061501, 16.863956, 15.487669,  
2004-09-02, 15.497631, 12.918602, 17.167757, 7.688866, 18.853477, 20.694133, 9.182624, 16.728286, 16.723240, 15.425092,  
2004-09-03, 15.875229, 14.100115, 17.197212, 7.630515, 19.364363, 21.202155, 10.094763, 15.861134, 16.689757, 15.563434,  
2004-09-07, 16.119338, 13.683091, 17.190408, 7.969999, 19.427043, 21.849265, 10.090525, 15.737644, 16.109281, 15.219436,  
2004-09-08, 17.677272, 13.772109, 16.802784, 7.535290, 20.879257, 22.676697, 9.324002, 16.007631, 15.246728, 14.541577,  
2004-09-09, 17.899183, 13.389409, 16.903094, 8.412543, 21.404632, 22.979549, 9.629001, 16.076838, 15.312527, 15.643890,  
2004-09-10, 17.564435, 12.917272, 18.476835, 8.083561, 21.589841, 21.680848, 9.908368, 15.919354, 14.638258, 15.401498,  
2004-09-13, 16.837487, 12.893819, 18.516590, 7.447683, 21.651778, 21.284274, 9.717298, 16.176398, 14.998866, 15.073842,  
2004-09-14, 17.110039, 13.191049, 17.753593, 8.114253, 21.845490, 22.036680, 9.924199, 15.797764, 14.446113, 14.693219,  
2004-09-15, 16.391649, 13.037481, 17.975648, 7.848322, 20.882949, 21.889736, 10.040207, 16.108700, 14.018851, 13.942774,  
2004-09-16, 16.328583, 13.528773, 17.353247, 7.904955, 20.601993, 22.277856, 10.002687, 16.474926, 14.461304, 14.145479,  
2004-09-17, 16.818231, 12.685390, 16.769471, 7.941164, 20.574190, 22.341265, 10.839658, 15.115931, 15.356494, 14.469769,  
2004-09-20, 15.882248, 13.316717, 16.508119, 8.679009, 20.144096, 22.711928, 11.306202, 15.830072, 14.930395, 14.581858,  
2004-09-21, 16.147794, 13.395310, 16.111769, 8.761673, 19.693016, 22.786800, 11.926168, 16.982357, 15.146458, 14.315547,  
2004-09-22, 16.740186, 14.342642, 15.967080, 8.452870, 19.945168, 23.474721, 11.692607, 17.006239, 13.930476, 14.310377,  
2004-09-23, 15.898683, 14.578785, 15.159640, 8.914209, 19.666608, 23.786603, 11.937082, 17.035654, 14.218251, 13.336005,  
2004-09-24, 15.520954, 13.923394, 16.305257, 8.978611, 20.642826, 24.491774, 12.182264, 17.932086, 14.526747, 13.615798,  
2004-09-27, 15.659410, 13.257248, 16.364502, 8.872695, 20.637370, 24.191055, 12.827797, 18.242581, 14.585087, 14.392433,  
2004-09-28, 15.617362, 12.950049, 16.251407, 10.333404, 20.559947, 24.064192, 13.498035, 17.517243, 14.956712, 15.268619,  
2004-09-29, 15.850540, 13.600001, 15.920497, 10.699134, 19.532304, 24.397325, 14.076912, 17.669087, 14.536557, 16.068405,  
2004-09-30, 15.437295, 14.154672, 16.693990, 10.014636, 19.034589, 25.227381, 13.405775, 17.729027, 15.493424, 16.479282,  
2004-10-01, 16.274213, 13.582639, 16.174823, 8.852848, 19.115618, 24.705953, 13.484430, 18.567969, 16.209906, 16.731263,  
2004-10-04, 17.692442, 13.342532, 15.944893, 8.599852, 19.324164, 25.036697, 13.806930, 17.557306, 15.924063, 17.706465,  
2004-10-05, 17.935502, 13.590619, 16.178732, 9.736176, 18.883408, 24.574841, 14.414556, 17.415755, 16.235339, 17.858553,  
2004-10-06, 17.509777, 13.849378, 15.936296, 10.318836, 18.287679, 23.803095, 14.473887, 17.294089, 15.933078, 17.314257,  
2004-10-07, 17.689044, 13.731408, 15.541516, 10.426861, 17.591769, 24.205433, 13.579453, 18.422892, 16.552055, 16.442753,  
2004-10-08, 18.271941, 13.945878, 15.272974, 11.349394, 17.961667, 24.118381, 14.382213, 19.006057, 16.845439, 16.483377,  
2004-10-11, 18.607955, 15.079419, 14.953872, 11.345109, 17.610530, 25.155297, 13.680556, 19.502299, 16.447562, 16.843285,  
2004-10-12, 18.815611, 15.195504, 15.274577, 11.645845, 17.304693, 24.598485, 13.198567, 20.107789, 15.971333, 17.099034,  
2004-10-13, 19.627790, 15.851735, 15.569945, 11.276560, 17.927539, 23.700337, 13.554646, 19.553106, 15.733333, 17.415312,  
2004-10-14, 19.220439, 16.171895, 14.736821, 12.633831, 17.887330, 22.781392, 13.294776, 18.926403, 15.339618, 17.015875,  
2004-10-15, 19.514759, 16.465331, 15.182060, 12.711708, 18.259165, 22.191232, 13.507763, 18.565516, 15.635153, 16.078309,  
2004-10-18, 19.392673, 17.885891, 15.250774, 13.493752, 18.482173, 22.286912, 13.605244, 19.411128, 15.515332, 15.958029,  
2004-10-19, 19.465519, 17.263963, 15.113913, 12.911235, 18.234931, 22.671579, 13.865572, 18.432975, 15.724913, 15.953566,  
2004-10-20, 19.155834, 17.257155, 14.440805, 13.302580, 17.696265, 23.268475, 13.391452, 18.141664, 15.802857, 16.019769,  
2004-10-21, 18.816657, 17.217174, 14.561580, 14.392969, 17.306967, 22.294692, 12.793236, 18.238286, 16.488957, 16.264182,  
2004-10-22, 18.948557, 17.401310, 14.863201, 14.461212, 17.407710, 22.259610, 11.869293, 17.963690, 16.462103, 16.530603,  
2004-10-25, 19.342844, 17.542019, 14.021484, 14.958692, 16.216904, 22.446124, 12.130256, 17.232901, 16.714046, 16.390288,  
2004-10-26, 19.199144, 18.345492, 15.666762, 14.815441, 15.537346, 21.402404, 12.196560, 17.453974, 17.935272, 15.858677,  
2004-10-27, 18.339857, 17.776654, 15.701060, 14.773700, 15.831770, 21.570307, 12.631941, 18.237700, 18.066194, 15.918757,  
2004-10-28, 18.651425, 17.507121, 14.527563, 14.894826, 15.860890, 22.779697, 12.311334, 17.901991, 16.688634, 15.524036,  
2004-10-29, 18.628266, 17.501807, 14.790004, 14.316312, 17.532710, 22.077398, 12.274367, 18.287449, 15.732782, 16.086153,  
2004-11-01, 19.556046, 17.812491, 15.163051, 14.132313, 17.611871, 22.725584, 13.088354, 19.725806, 15.152840, 15.407360,  
2004-11-02, 19.550639, 18.652733, 14.929377, 14.210005, 16.884629, 22.872675, 13.332999, 18.780010, 16.814443, 16.169786,  
2004-11-03, 19.575045, 17.715413, 14.587267, 16.655607, 16.765322, 22.117246, 13.623392, 18.934869, 16.198168, 16.260751,  
2004-11-04, 19.625694, 17.976440, 15.146759, 16.388640, 16.606905, 22.402114, 13.974463, 18.891631, 16.085235, 15.682409,  
2004-11-05, 18.921912, 17.438951, 15.420512, 16.655346, 17.500053, 22.561696, 13.658955, 19.152045, 16.974387, 15.417669,  
2004-11-08, 19.182393, 18.136580, 15.362442, 16.628453, 18.315321, 22.119271, 13.865168, 19.830815, 17.282360, 16.917685,  
2004-11-09, 19.569714, 18.424426, 15.402690, 17.420432, 18.239363, 21.562908, 14.012294, 20.013624, 16.592365, 17.546267,  
2004-11-10, 19.240154, 18.700681, 15.138590, 16.748788, 17.999447, 23.142790, 14.242235, 20.354585, 16.569607, 18.057156,  
2004-11-11, 18.615091, 18.771494, 15.429416, 17.235618, 18.457347, 22.255074, 13.864362, 20.085210, 16.050993, 18.655324,  
2004-11-12, 18.538966, 18.852344, 16.132291, 17.608918, 18.171204, 22.485618, 13.609513, 20.303082, 15.778069, 19.515573,  
2004-11-15, 18.578743, 19.006945, 16.837793, 17.822298, 18.286918, 22.590808, 13.583322, 19.793014, 15.420698, 19.586244,  
2004-11-16, 18.945124, 19.267612, 16.762808, 16.447583, 18.243915, 21.737250, 13.319537, 20.460251, 15.162208, 18.816360,  
2004-11-17, 20.661448, 18.534346, 16.913678, 15.454994, 17.482673, 20.740042, 14.166295, 19.755882, 14.729833, 19.115444,  
2004-11-18, 20.620307, 19.121430, 17.747509, 15.672714, 17.272676, 21.412554, 15.240502, 20.028686, 14.817100, 18.993765,  
2004-11-19, 21.260757, 20.033838, 17.622008, 16.245625, 18.796801, 21.294553, 16.001825, 20.217238, 14.468683, 18.558856,  
2004-11-22, 20.764843, 20.132008, 17.078804, 17.073996, 18.367966, 21.378680, 15.649813, 20.523588, 15.052511, 18.932810,  
2004-11-23, 20.857150, 20.670778, 17.730923, 16.307974, 19.507103, 20.597257, 16.308632, 19.834193, 14.573449, 20.115962,  
2004-11-24, 21.447256, 20.217721, 17.467259, 16.184007, 19.753911, 20.403149, 16.573583, 19.977819, 14.248144, 22.688029,  
2004-11-26, 21.735988, 20.540525, 18.049057, 17.073916, 19.842994, 20.396158, 16.454594, 20.071765, 14.451392, 23.030311,  
2004-11-29, 21.814483, 20.667738, 18.307446, 16.864649, 19.778057, 21.318330, 17.365374, 21.632268, 14.687759, 22.273912,  
2004-11-30, 20.909548, 21.400792, 18.021666, 16.503925, 19.966216, 21.061870, 17.986931, 21.508115, 14.544845, 22.248516,  
2004-12-01, 22.174673, 21.629019, 18.093676, 16.182815, 19.691672, 20.630036, 17.009589, 21.979630, 15.416375, 22.645801,  
2004-12-02, 21.530119, 20.875522, 17.942529, 15.604861, 19.483594, 20.506906, 16.737635, 21.684979, 14.584415, 24.141746,  
2004-12-03, 21.525442, 19.845190, 17.375628, 16.142547, 18.872949, 20.767600, 16.760686, 21.901457, 14.448345, 24.470993,  
2004-12-06, 21.401398, 22.827100, 17.436902, 17.554822, 19.579097, 21.042708, 17.023754, 21.644805, 15.935764, 24.529792,  
2004-12-07, 20.999845, 22.313279, 17.710853, 18.128804, 20.245142, 20.728935, 18.149955, 21.449011, 16.154390, 24.145408,  
2004-12-08, 20.760366, 22.344029, 17.826116, 18.636575, 20.635917, 21.072023, 18.536224, 20.573506, 16.319226, 22.886265,  
2004-12-09, 19.485100, 21.966391, 18.722613, 18.576887, 19.766333, 20.774220, 19.977606, 22.313326, 16.678626, 23.140051,  
2004-12-10, 20.154522, 21.475330, 19.503155, 18.869618, 19.909877, 20.166102, 19.291334, 22.418369, 17.776472, 23.427306,  
2004-12-13, 19.537818, 21.858483, 18.762829, 19.038307, 20.042991, 20.490664, 18.081423, 22.375977, 17.543373, 22.404899,  
2004-12-14, 19.703142, 21.073971, 18.284666, 18.441801, 20.038371, 21.350006, 17.755965, 22.223482, 20.060353, 22.279957,  
2004-12-15, 20.239989, 21.147844, 17.553264, 18.826716, 20.769311, 21.442309, 20.685893, 22.005011, 20.668670, 21.523851,  
2004-12-16, 19.730189, 20.899221, 17.762391, 19.503633, 20.863878, 21.096623, 21.283633, 22.199286, 20.540056, 22.277744,  
2004-12-17, 19.646274, 20.991181, 18.342303, 19.379803, 21.237320, 21.186705, 21.495974, 21.951334, 20.611333, 21.311788,  
2004-12-20, 19.518749, 21.631940, 19.043449, 18.973297, 20.290041, 20.905262, 22.061060, 21.832809, 20.635955, 22.050482,  
2004-12-21, 20.434200, 21.843806, 18.419418, 18.115697, 20.173130, 21.061483, 21.810563, 22.574677, 20.698932, 22.407967,  
2004-12-22, 20.528504, 21.287286, 17.692996, 18.374232, 20.525116, 21.123151, 22.339985, 22.016239, 20.614337, 22.329381,  
2004-12-23, 21.276222, 21.163485, 16.319790, 21.319543, 20.440644, 20.609607, 22.021850, 21.401867, 22.029279, 21.887794,  
2004-12-27, 21.004784, 21.230632, 18.810569, 21.863639, 21.026684, 20.885985, 22.705484, 21.378171, 21.756155, 22.400842,  
2004-12-28, 21.359206, 22.371308, 19.310663, 21.308441, 21.291591, 20.949465, 23.015423, 21.441908, 21.353429, 22.801008,  
2004-12-29, 22.936441, 22.891855, 22.279274, 21.377701, 21.384300, 20.542622, 23.892036, 21.477918, 21.875061, 22.601492,  
2004-12-30, 23.812491, 22.635411, 23.165796, 21.673444, 21.456715, 22.165358, 23.824906, 21.773906, 22.530295, 22.444575,  
2004-12-31, 22.845090, 22.504700, 22.721190, 21.735424, 22.286947, 22.512433, 23.403263, 21.799479, 21.901396, 22.527925,  
